monthly_income,income_stability,rent_payment_consistency,utility_payment_rate,savings_ratio,transaction_volume,missed_payments,gpa,defaulted
42602.81,0.6,0.7,0.89,0.04,245,1,3.53,1
45975.63,0.61,0.63,0.96,0.06,309,2,2.57,1
28519.77,0.37,0.79,0.87,0.22,406,1,2.57,1
36107.76,0.98,0.81,0.82,0.13,277,0,3.8,0
7251.33,0.51,0.55,0.83,1.0,46,1,2.78,0
19335.99,0.78,0.76,0.71,0.32,188,1,3.13,0
39424.82,0.34,0.91,0.97,0.19,273,0,3.79,0
32866.56,0.31,0.7,0.67,0.16,479,0,2.02,1
29329.46,0.13,0.73,0.73,0.21,412,0,2.71,1
24662.68,0.61,0.62,0.98,0.01,401,0,3.38,0
14202.25,0.67,0.9,0.64,0.36,417,0,4.0,0
6701.89,0.51,0.93,0.86,0.48,437,1,2.13,0
11372.54,0.18,0.66,0.52,0.2,426,0,3.49,1
42560.38,0.38,0.56,0.95,0.18,210,0,3.01,0
21943.75,0.87,0.52,0.63,0.17,407,0,2.95,0
42177.29,0.5,0.64,0.67,0.12,16,0,4.0,0
49788.83,0.52,0.93,0.8,0.02,74,0,4.0,0
25802.94,0.25,0.72,0.55,0.23,218,1,2.86,0
7745.16,0.12,0.55,0.84,0.61,472,2,3.6,0
46413.57,0.85,0.86,0.6,0.1,414,3,2.52,0
26364.45,0.11,0.87,0.57,0.08,18,0,2.3,0
31563.44,0.81,0.92,0.86,0.26,427,0,2.77,0
13962.62,0.96,0.73,0.9,0.04,56,0,3.95,0
49497.96,0.87,0.51,0.52,0.15,149,0,2.98,0
22486.4,0.25,0.55,0.81,0.26,500,5,2.45,1
25129.55,0.96,0.53,0.56,0.22,48,0,3.38,0
13965.85,0.51,0.68,0.62,0.32,313,1,3.68,1
42315.68,0.85,0.78,0.57,0.13,76,0,2.46,0
33133.91,0.24,0.9,0.58,0.08,432,0,2.54,1
25646.12,0.45,0.91,0.5,0.3,110,2,2.34,0
44308.24,0.23,0.8,0.61,0.03,254,0,3.46,1
14136.5,0.57,0.78,0.52,0.24,197,0,2.21,0
27568.51,0.56,0.63,0.9,0.17,242,5,2.59,1
19493.6,0.45,0.66,0.91,0.14,135,1,2.74,1
31513.07,0.61,0.98,0.88,0.2,402,1,2.43,0
6611.64,0.68,0.52,0.59,0.29,157,1,2.29,0
40357.54,0.62,0.66,0.67,0.19,78,1,3.55,0
35023.59,0.39,0.63,0.85,0.19,379,0,3.17,0
43957.33,0.33,0.95,0.72,0.06,12,1,3.08,1
46133.06,0.79,0.85,0.68,0.07,265,0,3.92,0
26800.12,0.86,0.51,0.59,0.23,390,0,2.28,0
12536.93,0.91,0.91,0.92,0.59,292,0,2.02,0
23036.24,0.19,0.61,0.61,0.17,75,0,3.0,0
49322.69,0.18,0.92,0.77,0.08,440,0,3.82,1
31343.53,0.68,0.51,0.65,0.19,295,2,3.33,1
46669.29,0.22,0.82,0.92,0.08,293,1,2.79,0
19981.88,0.66,0.59,0.53,0.16,209,0,3.07,0
21243.19,0.37,0.77,0.84,0.31,249,1,3.36,0
34588.45,0.34,0.93,0.65,0.23,277,0,3.8,0
38860.57,0.93,0.96,1.0,0.07,416,0,2.14,0
5980.04,0.59,0.98,0.8,0.19,59,0,3.49,0
23212.65,0.96,0.9,0.61,0.28,344,2,3.59,0
45165.92,0.95,0.74,0.62,0.15,315,1,3.46,0
23660.58,0.17,0.51,0.75,0.02,377,3,3.23,1
35838.66,0.49,0.82,0.52,0.05,93,0,2.87,0
32821.97,0.43,0.52,0.67,0.1,376,2,2.69,1
8946.22,0.15,0.84,0.63,0.74,465,1,3.86,0
41774.09,0.9,0.69,0.63,0.05,138,0,3.72,0
39738.04,0.8,0.94,0.97,0.12,180,1,2.97,0
12625.78,0.28,0.82,0.55,0.45,59,1,2.75,1
13074.9,0.74,0.78,0.99,0.45,156,0,3.1,0
10869.82,0.74,0.69,0.64,0.2,348,0,3.86,0
29832.9,0.38,0.82,0.81,0.06,116,0,3.13,0
10377.12,0.61,0.8,0.96,0.69,335,1,3.22,0
38984.66,0.46,0.52,0.58,0.15,338,0,2.06,0
46723.25,0.32,0.72,0.99,0.03,227,0,3.71,0
41423.93,0.79,0.56,0.67,0.04,392,5,3.33,1
19748.9,0.88,0.89,0.92,0.34,150,1,3.37,0
28193.98,0.2,0.55,0.83,0.08,139,0,2.51,0
5308.17,0.26,0.55,0.9,0.96,309,0,2.27,0
28251.47,0.51,0.75,0.53,0.1,80,0,2.68,1
7672.16,0.47,0.62,0.64,0.36,395,2,3.6,0
23316.22,0.86,0.87,0.62,0.04,205,0,2.09,0
12883.98,0.49,0.71,0.93,0.35,192,0,2.26,0
15828.96,0.78,0.81,0.73,0.05,193,2,3.48,0
29650.66,0.99,0.61,0.7,0.16,112,0,3.53,0
16706.34,0.27,0.82,0.64,0.01,151,0,2.93,1
10949.11,0.27,0.86,0.95,0.22,388,2,2.94,0
13422.3,0.22,0.6,0.61,0.2,417,0,3.97,1
38985.47,0.18,0.86,0.78,0.2,491,5,3.58,1
23577.4,0.7,0.99,0.98,0.15,449,0,3.53,0
46148.56,0.9,0.74,0.9,0.13,142,0,2.15,0
11809.37,0.47,0.6,0.55,0.22,384,1,2.99,0
8428.12,0.91,0.78,0.75,0.88,338,0,3.36,0
13424.19,0.39,0.58,0.6,0.08,90,0,2.93,1
33393.45,0.39,0.75,0.68,0.07,230,0,3.58,0
34805.61,0.98,1.0,0.62,0.11,81,0,2.37,0
48083.64,0.43,0.74,0.86,0.13,356,1,2.03,0
30060.45,0.49,0.59,0.84,0.15,474,1,3.09,0
30100.77,0.11,0.53,0.9,0.1,100,0,3.31,1
40142.0,0.99,0.8,0.95,0.16,124,0,2.59,0
25819.63,0.77,0.96,0.79,0.07,399,0,3.69,0
38453.19,0.5,0.67,0.95,0.04,30,0,2.66,0
21073.49,0.62,0.71,0.54,0.09,288,1,2.95,0
46893.82,0.99,0.57,0.69,0.03,325,0,3.36,0
10250.6,0.76,0.9,0.86,0.3,413,0,2.44,0
15511.86,0.58,0.93,0.59,0.22,392,0,2.46,0
37039.68,0.52,0.99,0.6,0.18,305,0,2.4,0
42346.34,0.81,0.73,0.88,0.15,159,1,2.04,0
24124.12,0.39,0.89,0.84,0.01,447,0,2.08,1
35930.38,0.92,0.77,0.56,0.14,324,0,3.49,0
32370.17,0.49,0.52,0.58,0.04,242,5,2.53,1
11638.45,0.51,0.57,0.52,0.16,36,0,3.33,0
18445.42,0.29,0.7,0.68,0.34,202,0,3.02,0
9276.06,0.72,0.53,0.56,0.05,58,3,3.13,1
20278.46,0.97,0.7,0.86,0.3,480,1,3.34,0
7125.22,0.54,0.93,0.79,1.0,399,1,3.1,0
17301.03,0.24,0.81,0.61,0.11,84,3,3.51,1
49531.27,0.11,0.82,0.67,0.03,226,1,3.26,0
22814.6,0.48,0.76,0.99,0.35,462,0,2.44,0
35578.67,0.17,0.98,0.84,0.15,380,1,3.44,0
43975.65,0.16,0.52,0.93,0.09,137,2,2.53,1
8251.7,0.9,0.69,0.65,0.47,31,1,3.97,0
48011.89,0.75,0.72,0.85,0.16,207,0,2.92,0
29765.64,0.79,0.74,0.86,0.23,95,0,3.58,0
49150.98,0.18,0.96,0.83,0.01,473,1,3.23,0
40426.02,0.35,0.65,0.76,0.19,306,0,3.06,0
13246.08,0.57,0.87,0.96,0.32,429,1,3.19,0
40891.75,0.28,0.92,0.82,0.0,174,2,2.67,0
28267.42,0.41,1.0,0.92,0.29,116,0,3.41,0
15204.87,0.16,0.65,0.89,0.08,406,0,3.2,1
10593.84,0.66,0.92,0.99,0.21,290,0,2.72,0
45697.02,0.23,0.82,0.81,0.08,355,0,3.15,0
8451.17,0.33,0.6,1.0,0.93,493,1,3.55,0
46629.58,0.28,0.99,0.9,0.03,70,0,3.91,0
45860.17,0.96,0.51,0.75,0.03,70,0,2.18,0
33688.62,0.11,0.75,0.83,0.0,432,0,2.93,1
33792.31,0.77,0.9,0.68,0.24,331,0,3.13,0
25312.33,0.81,0.93,0.7,0.27,437,3,3.34,0
20582.94,0.83,0.87,0.62,0.34,183,5,2.9,0
21935.38,0.9,0.85,0.92,0.09,173,0,3.34,0
42453.11,0.49,0.86,0.53,0.02,484,5,3.74,1
20925.03,0.5,0.91,0.96,0.2,288,0,3.44,0
41052.6,0.32,0.91,0.56,0.13,67,1,3.73,0
8619.89,0.96,0.79,0.71,0.76,174,0,3.63,0
27945.05,0.8,0.86,0.99,0.1,322,0,3.61,0
7320.46,0.52,0.51,0.88,0.68,302,0,3.55,0
41646.63,0.17,0.61,0.78,0.02,417,2,3.06,1
33827.95,0.33,0.9,0.57,0.05,388,2,2.84,1
26536.02,0.81,0.65,0.72,0.09,53,0,2.74,0
43563.65,0.56,0.73,0.53,0.17,18,0,2.77,0
19754.89,0.73,0.96,0.89,0.29,401,1,3.63,0
12986.97,0.23,0.57,0.81,0.63,18,0,2.79,0
19137.53,0.52,0.69,0.95,0.36,305,1,3.6,0
7040.27,0.24,0.85,0.55,0.15,276,0,2.81,0
23756.38,0.76,0.77,0.53,0.26,401,1,2.09,0
24471.36,0.96,0.51,0.83,0.07,105,3,3.16,1
11207.92,0.46,0.99,0.98,0.32,25,2,3.27,0
34074.86,0.36,0.81,0.92,0.03,179,3,2.15,0
49966.13,0.61,0.51,0.61,0.06,492,0,2.18,0
42196.78,0.34,0.52,0.53,0.14,49,0,2.1,1
8197.4,0.6,0.88,0.53,0.91,284,2,3.93,0
31426.32,0.21,0.68,0.58,0.2,52,1,3.27,1
27840.68,0.17,0.9,0.54,0.06,452,1,3.79,0
46100.29,0.93,0.53,0.83,0.04,195,1,3.55,1
17481.61,0.54,0.61,0.54,0.04,82,0,2.46,0
10512.76,0.55,0.91,0.57,0.01,486,0,3.06,0
21431.89,0.44,0.85,0.86,0.17,456,0,2.4,0
43276.61,0.77,0.6,0.59,0.01,353,2,2.36,0
22107.18,0.39,0.82,0.53,0.3,387,0,2.8,0
10623.69,0.86,0.79,0.5,0.16,105,1,3.74,0
8289.87,0.81,0.54,0.79,0.24,340,0,2.75,0
43588.46,0.98,0.81,0.9,0.04,19,0,2.76,0
24417.02,0.33,0.71,0.56,0.3,352,0,2.32,0
46693.4,0.41,0.62,0.93,0.16,432,0,2.85,1
44469.34,0.72,0.81,0.7,0.1,294,3,2.68,0
42941.93,0.12,0.97,0.95,0.06,150,0,3.67,0
32380.33,0.87,0.53,0.67,0.05,60,0,2.26,0
34065.55,0.73,0.59,0.66,0.15,287,0,3.51,0
44781.61,0.79,0.81,0.71,0.02,417,1,2.13,0
39729.2,0.77,0.74,0.98,0.19,405,2,2.77,0
41683.65,0.75,0.84,0.86,0.15,500,2,3.93,0
17911.96,0.64,0.83,0.69,0.45,198,0,2.28,0
27421.44,0.67,0.61,0.8,0.07,476,0,3.12,0
42025.52,0.3,0.98,0.84,0.14,477,2,3.88,0
34365.15,0.65,0.68,0.98,0.03,182,3,2.5,1
9631.88,0.92,0.63,0.5,0.81,494,0,3.89,0
32028.41,0.33,0.67,0.98,0.19,445,5,3.0,1
49010.86,0.46,0.59,0.95,0.12,478,0,2.48,1
11935.9,0.45,0.51,0.86,0.57,113,5,3.63,1
35658.17,0.51,0.6,0.82,0.15,291,1,2.76,0
22411.78,0.27,0.86,0.54,0.36,127,1,3.85,0
39677.29,0.98,0.97,0.59,0.16,335,0,2.83,0
24005.54,0.44,0.7,0.56,0.16,293,1,3.08,1
9609.41,0.17,0.81,0.93,0.26,64,0,2.37,0
42796.38,0.79,0.91,0.72,0.1,221,0,2.17,0
11377.09,0.13,0.58,0.54,0.18,248,1,3.89,1
41283.49,0.84,0.81,0.7,0.08,122,2,2.32,0
23347.38,0.52,0.76,0.87,0.26,191,5,3.06,1
39123.53,0.24,0.57,0.97,0.18,463,2,2.23,1
9181.35,0.43,0.91,0.83,0.45,437,0,2.0,0
35746.91,0.72,0.69,0.51,0.23,311,0,3.51,0
30027.17,0.52,0.75,0.98,0.27,253,2,2.55,0
27523.07,0.65,0.66,0.8,0.14,31,1,2.74,0
32997.33,0.83,0.88,0.65,0.1,242,1,2.37,0
15376.29,0.5,0.88,0.59,0.31,314,0,2.53,0
23957.07,0.32,0.72,0.92,0.02,287,1,3.76,0
39898.98,0.95,0.76,0.7,0.2,270,1,3.59,0
8864.98,0.37,0.88,0.92,0.01,237,5,2.23,1
34256.32,0.49,0.64,0.53,0.06,125,0,3.15,0
44280.75,0.17,0.7,0.7,0.06,462,1,3.67,1
47811.12,0.68,0.91,0.59,0.14,497,1,2.83,0
31993.84,0.2,0.67,0.7,0.15,233,0,2.94,0
41257.81,0.49,0.94,0.57,0.18,262,1,2.96,0
12481.07,0.68,0.74,0.62,0.62,380,2,3.14,0
10627.52,0.49,0.96,0.89,0.2,112,0,2.29,0
46400.85,0.62,0.89,0.71,0.02,205,0,2.44,0
46636.1,0.98,0.76,0.6,0.02,122,3,2.68,0
26289.14,0.84,0.73,0.86,0.13,121,0,3.18,0
11183.8,0.71,0.59,0.78,0.16,145,1,2.21,0
7894.6,0.34,0.95,0.77,0.99,427,0,2.66,0
47443.28,0.19,0.62,0.68,0.07,490,0,3.18,0
26339.1,0.56,0.71,0.66,0.17,129,1,3.37,1
48406.13,0.33,0.7,0.82,0.12,280,0,3.54,0
26395.88,0.81,0.51,0.52,0.1,231,0,3.57,0
41763.89,0.19,0.67,0.84,0.08,424,0,2.72,1
39235.54,0.97,0.65,0.69,0.04,218,1,2.95,0
44539.37,0.57,0.56,0.5,0.06,323,1,3.61,1
13000.25,0.69,0.78,0.75,0.04,210,1,2.08,0
22579.43,0.97,0.87,0.97,0.21,129,1,2.71,0
29354.87,0.57,0.94,0.7,0.11,63,1,3.13,0
5570.1,0.36,0.89,0.53,0.37,68,0,2.77,0
33611.77,0.93,0.63,0.9,0.21,118,2,2.2,0
19224.16,0.14,0.83,0.92,0.11,328,1,2.52,0
25669.85,0.42,0.78,0.85,0.12,84,0,2.0,0
29432.94,0.19,0.54,0.9,0.2,74,0,3.5,1
30031.58,0.89,0.89,0.67,0.05,387,0,2.24,0
5455.41,0.4,1.0,0.56,0.48,340,0,3.49,0
5705.17,0.88,0.93,1.0,0.88,238,1,2.25,0
6428.0,0.66,0.62,0.64,0.77,73,0,2.26,0
24366.66,0.67,0.69,0.68,0.34,350,3,2.3,1
48239.25,0.3,0.62,0.73,0.16,363,0,3.39,0
44962.78,0.34,0.93,0.63,0.12,279,0,2.66,1
15435.91,0.16,0.92,0.56,0.46,397,0,2.99,0
31090.95,0.42,1.0,0.58,0.03,463,0,2.81,0
39148.45,0.63,0.5,0.71,0.12,287,0,3.3,0
43640.96,0.86,0.87,0.94,0.14,323,0,3.24,0
43422.87,0.4,0.8,0.65,0.1,63,0,3.71,1
17008.78,0.63,0.91,0.67,0.21,340,2,3.21,1
15382.75,0.31,0.7,0.75,0.27,474,2,3.75,1
37713.36,0.2,0.65,0.68,0.2,383,0,2.78,1
5005.49,0.53,0.57,0.69,1.0,404,0,3.76,0
30865.12,0.78,0.66,0.9,0.18,318,0,2.96,0
14645.54,0.99,0.96,0.75,0.02,210,0,3.26,0
43799.07,0.46,0.53,0.81,0.1,279,0,3.09,0
30762.61,0.76,0.94,0.68,0.27,351,2,3.28,0
16013.9,0.49,0.95,0.8,0.26,406,1,2.3,0
36111.38,0.1,0.97,0.98,0.1,485,0,3.6,0
25748.07,0.46,0.72,0.92,0.18,278,0,2.34,0
40310.93,0.7,0.63,0.76,0.1,493,3,3.16,0
46325.29,0.45,0.89,0.72,0.18,114,0,2.15,0
30975.49,0.12,0.73,0.78,0.27,204,5,3.59,1
14510.17,0.67,0.56,0.64,0.13,165,1,2.76,0
41696.62,0.93,0.82,0.98,0.07,467,0,2.05,0
49440.16,0.33,0.91,0.74,0.1,437,1,2.75,0
10346.97,0.62,0.66,0.64,0.09,392,5,2.55,1
8139.45,0.9,0.75,0.89,0.85,96,0,3.9,0
28702.93,0.75,0.75,0.67,0.03,148,0,3.34,0
32238.6,0.66,0.59,0.58,0.15,159,0,3.32,0
9083.08,0.9,0.62,0.88,0.15,65,0,4.0,0
17945.51,0.5,0.7,0.81,0.18,17,0,3.68,1
18196.43,0.27,0.72,0.52,0.04,388,0,2.03,0
5870.94,0.97,0.69,0.51,0.78,378,5,2.55,0
39952.13,0.78,0.72,0.7,0.06,467,0,2.88,0
42194.61,0.16,0.68,0.98,0.14,282,2,2.02,1
18095.78,0.76,0.69,0.64,0.35,179,0,2.94,0
28326.55,0.65,0.83,0.79,0.02,322,0,3.97,0
38926.21,0.9,0.72,0.98,0.11,283,0,2.69,0
19719.58,0.33,0.97,0.7,0.02,155,0,3.84,0
20754.4,0.8,0.51,0.71,0.17,181,0,3.77,0
40315.54,0.32,0.75,0.94,0.07,187,0,2.65,1
15926.47,0.39,0.82,0.91,0.09,192,0,3.44,1
35518.0,0.2,0.54,0.9,0.17,473,5,3.62,1
27005.97,0.54,0.57,0.94,0.02,253,2,3.05,0
25741.18,0.54,0.99,0.98,0.07,467,0,2.8,0
5811.73,0.66,0.65,0.86,1.0,21,0,3.96,0
44683.79,0.23,0.65,0.86,0.12,231,2,2.84,1
19978.63,0.81,0.87,0.85,0.39,112,1,2.86,0
6979.56,0.97,0.65,0.7,0.27,23,2,3.96,0
34496.92,0.78,0.9,0.84,0.18,396,0,3.09,0
14785.51,0.68,0.85,0.5,0.49,451,0,2.81,0
7892.14,0.13,0.55,0.9,0.01,383,1,2.17,1
13348.41,0.61,0.83,0.56,0.14,432,1,2.61,0
40579.01,0.54,0.88,0.71,0.04,268,0,3.25,0
15269.88,0.81,0.84,0.75,0.46,161,1,3.58,0
37111.0,0.41,0.72,0.78,0.15,306,0,2.67,0
11293.81,0.15,0.97,0.83,0.5,273,0,2.68,0
39660.48,0.38,0.75,0.72,0.01,204,0,3.8,0
32123.04,0.53,0.59,0.64,0.2,227,0,3.18,0
15307.67,1.0,0.65,0.61,0.14,446,1,2.71,0
12591.93,0.8,0.59,0.68,0.04,441,3,3.34,0
31727.5,0.82,0.98,0.92,0.24,442,0,2.7,0
28622.16,0.65,0.66,0.92,0.13,221,0,2.1,0
8592.8,0.51,0.59,0.67,0.78,475,0,3.37,0
14517.08,0.64,0.61,0.94,0.31,317,0,2.91,0
48588.81,0.85,0.91,0.7,0.08,209,0,2.84,0
21566.01,0.57,0.98,0.93,0.13,116,5,3.38,1
19628.29,0.72,0.93,0.64,0.05,452,0,3.5,0
23629.27,0.45,0.57,0.86,0.33,355,5,3.16,1
10762.28,0.82,0.74,0.8,0.77,386,0,2.78,0
28801.25,0.91,0.53,0.67,0.09,430,0,3.62,0
12919.83,0.52,0.91,0.56,0.49,159,2,3.94,0
28413.14,0.38,0.87,0.64,0.29,64,0,3.35,0
45046.67,0.21,0.65,0.63,0.07,160,0,3.29,1
36083.15,0.89,0.79,1.0,0.04,284,0,3.85,0
27398.39,0.4,0.89,0.97,0.29,22,1,2.54,0
22549.98,0.15,0.94,0.52,0.14,356,0,3.76,0
43126.03,0.61,0.99,0.56,0.12,499,0,3.87,0
22433.09,0.96,0.66,0.53,0.19,170,1,2.86,0
27114.16,0.21,0.59,0.63,0.27,24,0,2.45,1
36255.25,0.32,0.52,0.78,0.21,435,2,2.21,1
47995.14,0.2,0.6,0.91,0.07,282,1,2.44,1
33228.81,0.84,0.81,0.63,0.18,425,0,2.78,0
37136.76,0.56,0.5,0.57,0.01,290,0,2.64,0
14945.18,0.81,0.55,0.8,0.36,26,0,2.73,0
13913.29,0.95,0.98,0.9,0.25,247,0,3.26,0
12355.65,0.93,0.64,0.56,0.36,315,0,2.7,0
8132.48,0.66,0.68,0.63,1.0,329,0,3.02,0
25475.48,0.69,0.93,0.54,0.3,491,0,3.38,0
33280.46,0.82,0.98,0.5,0.22,50,0,2.41,0
14098.22,0.39,0.69,0.6,0.45,50,0,3.41,0
8747.19,0.15,0.7,0.79,0.83,393,1,2.62,0
45133.54,0.88,0.96,0.57,0.08,337,0,3.14,0
5820.59,0.43,0.82,0.91,0.19,89,0,3.38,0
9441.62,0.32,0.58,0.84,0.16,141,0,2.5,1
24367.51,0.91,0.91,0.9,0.18,425,0,2.58,0
28136.55,0.37,0.64,0.74,0.02,362,3,2.12,1
47022.2,0.24,0.84,0.65,0.11,172,5,3.86,1
14771.17,0.74,0.95,0.75,0.04,416,1,3.04,0
31701.11,0.2,0.73,0.86,0.21,228,0,3.82,1
6685.56,0.38,0.72,0.82,0.62,21,0,3.89,0
27943.8,0.2,0.86,0.98,0.13,427,0,3.18,1
47045.68,0.42,0.89,0.76,0.06,137,5,2.87,1
24235.37,0.45,0.96,0.54,0.15,238,1,3.2,0
38765.47,0.45,0.53,0.5,0.11,312,2,3.59,0
10448.5,0.55,0.92,0.86,0.41,223,0,2.29,0
22437.39,0.38,0.53,0.69,0.33,175,0,3.49,0
24683.79,0.9,0.93,0.86,0.19,451,0,3.57,0
25049.23,0.18,0.7,0.8,0.13,464,1,3.02,1
44341.08,0.79,0.78,0.59,0.01,156,0,3.98,0
33720.11,0.34,0.76,0.78,0.09,21,0,3.78,1
33805.38,0.55,0.62,0.67,0.07,194,0,3.91,0
20682.29,0.14,0.62,0.77,0.08,41,0,4.0,0
7170.33,0.8,0.6,0.84,0.75,364,1,2.9,0
20399.75,0.15,0.83,0.87,0.03,141,0,3.04,0
11706.1,1.0,0.91,0.55,0.16,22,0,2.53,0
47120.69,0.61,0.8,0.77,0.16,322,0,2.19,0
34005.73,0.75,0.75,0.82,0.15,329,0,2.79,0
35059.44,0.16,0.56,0.53,0.12,81,0,3.19,1
9484.44,0.46,0.63,0.94,0.5,454,1,3.51,0
16835.97,0.6,0.84,0.77,0.34,89,0,3.05,0
12180.05,0.59,0.94,0.84,0.58,240,0,2.51,0
35865.01,0.88,0.83,0.98,0.14,264,0,2.15,0
36965.68,0.1,0.82,0.82,0.06,358,0,3.06,1
32532.51,0.47,0.74,0.64,0.19,388,0,3.2,0
32603.44,0.69,0.54,0.56,0.01,408,0,2.03,0
31169.25,0.78,0.72,0.88,0.06,31,0,2.41,0
17854.77,0.58,0.66,0.72,0.27,334,0,2.92,0
34088.39,0.59,0.99,0.58,0.01,286,1,2.45,0
30232.77,0.46,0.8,0.74,0.21,103,0,3.43,0
10840.65,0.42,0.91,0.78,0.11,454,1,2.05,0
39756.99,0.58,0.85,0.6,0.11,444,1,3.48,0
24113.57,0.96,0.61,0.75,0.07,56,0,2.84,0
45894.36,0.68,0.71,0.76,0.1,13,3,3.58,1
27690.07,0.53,0.56,0.78,0.22,169,0,2.44,0
48711.51,0.54,0.95,0.84,0.03,70,0,3.7,0
30744.16,0.31,0.56,0.54,0.07,93,5,3.06,1
44659.76,0.49,0.6,1.0,0.08,410,1,2.31,1
44025.64,0.18,0.66,0.58,0.05,173,0,2.42,0
46575.6,0.69,0.93,0.62,0.09,369,0,3.37,0
18851.95,0.6,0.87,1.0,0.22,292,0,2.21,0
10084.65,0.56,0.85,0.86,0.3,415,0,3.36,0
38654.17,0.85,0.89,0.72,0.11,349,0,2.92,0
29643.17,0.59,0.51,0.81,0.23,379,0,3.28,0
45556.87,0.23,0.61,0.59,0.07,30,2,3.04,1
14592.08,0.78,0.86,0.71,0.45,254,2,3.66,0
15731.77,0.11,0.7,0.84,0.24,324,0,3.96,0
19175.95,0.42,0.91,0.78,0.06,339,3,3.97,1
42929.41,0.27,0.9,0.74,0.1,102,0,2.04,0
42461.78,0.38,0.67,0.99,0.04,440,3,3.62,1
49844.43,0.96,0.98,0.85,0.07,288,3,2.23,0
5713.09,0.56,0.68,0.95,0.31,390,2,3.2,1
22195.57,0.38,0.79,0.56,0.34,338,0,3.16,0
13570.65,0.65,0.6,0.54,0.32,474,3,3.92,0
7454.29,0.87,0.92,0.62,0.84,369,0,3.14,0
27734.66,0.86,0.77,0.98,0.01,336,0,2.04,0
8200.49,0.47,0.76,0.81,0.06,421,1,2.08,1
24683.28,0.38,0.51,0.62,0.28,308,0,2.58,0
29698.44,0.45,0.78,1.0,0.2,367,3,2.25,0
19782.69,0.76,0.9,0.94,0.4,394,0,2.97,0
17820.28,0.34,0.64,0.86,0.45,89,0,3.0,0
36168.99,0.43,0.97,0.85,0.2,230,0,2.09,0
31432.79,0.53,0.59,0.74,0.11,466,2,2.81,1
49255.79,0.75,0.61,0.74,0.01,154,1,2.39,0
18829.34,0.54,0.71,0.81,0.33,411,1,3.07,1
29709.28,0.53,0.5,0.54,0.06,58,0,2.5,1
24461.92,0.42,0.65,0.71,0.2,127,0,2.77,0
43876.84,0.44,0.88,0.88,0.03,173,3,2.9,1
45954.28,0.34,0.97,0.55,0.11,227,3,2.91,1
8010.73,0.18,0.75,0.89,0.9,434,0,3.83,0
7845.96,0.61,0.96,0.58,1.0,419,0,3.89,0
31749.06,0.8,0.78,0.77,0.02,75,5,3.02,1
10853.93,0.57,0.61,0.99,0.05,292,1,2.92,0
32125.27,0.33,0.82,0.75,0.01,477,0,3.46,1
10171.33,0.83,0.77,0.75,0.45,173,0,3.65,0
48522.94,0.75,0.84,0.63,0.07,377,0,2.71,0
31062.54,0.69,0.88,0.78,0.19,416,0,2.07,0
10706.85,0.73,0.86,0.83,0.3,16,0,2.71,0
12167.67,0.67,0.67,0.56,0.55,102,0,2.74,0
46085.81,0.89,0.84,0.86,0.17,145,0,3.17,0
38060.6,0.49,0.79,0.6,0.02,301,0,3.3,0
26353.9,0.44,0.66,0.85,0.26,134,2,2.25,1
28395.2,0.64,0.96,0.67,0.15,338,2,2.31,0
37818.39,0.28,0.62,0.6,0.05,236,0,2.8,1
42027.28,0.78,0.57,0.54,0.17,282,0,2.84,0
14340.04,0.63,0.92,0.99,0.55,195,0,3.75,0
18255.14,0.35,0.82,0.81,0.05,451,0,2.07,0
28310.61,1.0,0.66,0.68,0.14,492,2,3.03,0
37902.31,0.65,0.88,0.72,0.02,87,2,2.16,0
20724.35,0.48,0.89,0.84,0.21,466,0,3.31,0
14928.6,0.19,0.58,0.6,0.02,51,1,2.22,1
30687.91,0.47,0.54,1.0,0.07,78,1,2.51,0
34298.93,0.88,0.81,0.94,0.07,424,0,3.55,0
41660.7,0.91,0.58,0.87,0.16,374,0,2.99,0
21378.79,0.2,0.63,0.58,0.16,240,0,2.44,0
23788.61,0.33,0.57,0.9,0.26,200,3,2.32,1
39038.1,0.57,0.96,0.51,0.2,49,0,3.34,0
10056.98,0.26,0.58,0.71,0.48,94,0,2.29,0
33495.23,0.15,0.54,0.81,0.06,378,0,3.52,1
31197.72,0.62,0.85,0.68,0.02,284,0,2.1,0
42908.17,0.55,0.51,0.96,0.13,166,0,2.27,0
29906.28,0.55,0.65,0.69,0.12,271,0,2.63,0
22961.21,0.56,0.59,0.96,0.24,215,1,2.53,0
46521.71,0.23,0.67,0.54,0.09,123,0,2.84,1
13834.12,0.26,0.79,0.8,0.56,77,0,3.71,0
16167.52,0.9,0.78,0.58,0.07,435,5,2.53,0
12343.95,0.73,0.9,0.71,0.45,111,0,2.11,0
35382.97,0.85,0.63,0.54,0.19,342,0,3.79,0
49711.13,0.98,0.6,0.55,0.1,313,0,2.01,0
10238.44,0.77,0.93,0.52,0.29,27,3,2.76,1
6675.49,0.21,0.55,0.84,0.16,181,2,3.18,1
45801.59,0.98,0.79,0.86,0.09,22,0,3.44,0
26163.17,0.57,0.85,0.93,0.19,190,0,3.54,0
30323.51,0.11,0.76,0.93,0.04,292,5,3.47,1
29127.62,0.67,0.96,0.56,0.28,190,0,2.26,0
39119.1,0.74,0.66,0.95,0.09,11,1,3.29,0
29245.66,0.69,0.84,0.73,0.07,308,0,3.67,0
25419.17,0.33,0.96,0.87,0.02,94,1,3.35,1
30705.23,0.11,0.91,0.89,0.04,329,1,3.56,1
27517.93,0.56,0.59,0.73,0.1,234,0,2.09,0
16248.35,0.58,0.57,0.53,0.29,475,3,2.21,0
14389.63,0.16,0.71,0.74,0.54,33,0,3.07,0
36663.98,0.12,0.53,0.98,0.04,429,3,3.24,1
18310.89,0.74,1.0,0.65,0.01,403,2,2.4,1
29736.23,0.48,0.6,0.6,0.2,95,0,3.46,0
14044.09,0.29,0.66,0.71,0.56,424,0,3.62,0
32201.71,0.34,0.72,0.56,0.15,454,0,3.36,1
22202.3,0.41,0.57,0.71,0.19,451,1,3.22,0
38450.07,0.17,0.8,0.71,0.04,441,0,2.45,1
46916.31,0.69,0.66,0.58,0.15,165,0,3.7,0
31551.39,0.7,0.56,0.84,0.18,245,3,3.69,1
20742.67,0.92,0.81,0.98,0.17,388,1,2.56,0
47332.28,0.82,0.8,0.82,0.1,26,0,2.97,0
20286.07,0.45,0.77,0.7,0.39,332,2,2.74,1
49486.03,0.93,0.51,0.76,0.16,120,0,2.56,0
30614.59,0.39,0.56,0.85,0.19,84,0,3.16,0
8972.69,0.75,0.68,0.58,0.27,381,0,2.76,0
22820.51,0.27,0.75,0.83,0.07,207,0,3.72,1
46354.68,0.84,0.85,0.57,0.12,107,2,3.99,0
28481.69,0.35,0.95,0.88,0.17,96,0,3.55,0
38247.55,0.53,0.98,0.79,0.01,113,0,2.89,0
8225.54,0.65,0.91,0.56,0.09,443,0,2.53,0
16004.88,0.28,0.92,0.67,0.03,285,0,3.22,0
42961.11,0.59,0.72,0.56,0.16,230,1,2.44,1
37421.27,0.83,0.77,0.59,0.02,132,1,2.78,0
10138.1,0.44,0.77,0.52,0.2,371,2,2.61,0
5926.92,0.48,0.79,0.96,0.85,360,0,2.59,0
24782.23,0.27,0.52,0.88,0.11,498,1,2.15,0
19928.65,0.66,0.79,0.56,0.41,456,2,3.42,0
5952.09,0.13,0.97,0.55,1.0,187,1,2.18,0
13926.97,0.61,0.63,0.81,0.48,83,2,3.41,0
23710.74,0.9,0.68,0.98,0.03,102,0,2.78,0
30747.25,0.58,0.86,0.74,0.1,44,0,2.61,0
16619.07,0.37,0.63,0.83,0.41,252,0,3.13,0
7367.3,0.84,0.67,0.87,0.02,148,0,3.36,0
45217.16,0.86,0.82,0.53,0.12,12,0,2.48,0
38203.7,0.69,0.96,0.56,0.1,200,2,3.43,0
39797.09,0.25,0.91,0.53,0.19,135,0,2.26,0
35310.25,0.56,0.55,0.85,0.01,396,1,3.27,0
24665.13,0.68,0.63,0.92,0.2,52,3,3.28,0
22387.84,0.96,0.84,0.86,0.08,308,0,2.21,0
31541.96,0.15,0.7,0.92,0.15,162,0,3.72,0
33111.55,0.74,0.54,0.95,0.12,301,2,2.24,1
17054.36,0.97,0.78,0.6,0.16,447,2,2.34,0
8689.95,0.1,0.75,0.99,0.69,170,2,3.5,1
23131.99,0.17,0.74,0.76,0.3,313,0,2.34,0
45647.33,0.93,0.9,0.86,0.07,308,0,2.7,0
49384.55,0.56,0.8,0.74,0.07,52,2,2.92,1
10003.31,0.53,0.76,0.99,0.65,405,1,3.68,0
36714.41,0.58,0.68,0.65,0.02,431,1,3.12,0
39595.69,0.97,0.65,0.79,0.09,356,0,3.75,0
23912.15,0.27,0.6,0.83,0.11,297,0,3.53,0
45287.04,0.3,0.78,0.53,0.03,296,0,3.43,0
40765.52,0.75,0.67,0.58,0.11,479,0,2.55,0
13132.78,0.69,0.86,0.66,0.48,177,3,3.06,0
34293.78,0.59,0.77,0.78,0.19,223,0,3.69,0
13777.56,0.22,0.68,0.75,0.26,165,0,3.77,1
38671.8,0.1,0.55,0.78,0.02,445,1,3.62,1
37159.34,0.64,0.53,0.64,0.13,457,5,2.8,1
20561.25,0.83,0.8,0.97,0.17,98,0,3.09,0
23919.96,0.78,0.66,0.57,0.06,28,0,3.36,0
49364.25,0.41,0.79,0.61,0.07,73,0,3.25,0
37763.45,0.45,0.73,0.65,0.15,199,0,3.7,0
31215.14,0.54,0.8,0.87,0.25,118,0,2.48,0
9009.36,0.21,0.88,0.93,0.44,261,1,2.51,0
20097.33,0.85,0.51,0.63,0.31,24,0,3.05,0
8965.65,0.6,0.86,0.68,0.49,148,0,2.42,0
39260.43,0.81,0.68,0.87,0.02,131,0,3.32,0
23944.25,0.4,0.52,0.64,0.27,413,0,3.72,0
9376.2,0.24,0.67,0.93,0.38,404,2,3.0,0
15956.47,0.75,0.81,0.85,0.49,11,0,3.19,0
5870.07,0.6,0.55,0.52,0.16,487,0,2.74,0
29429.41,0.6,0.62,0.7,0.03,209,1,2.07,1
18158.98,0.57,0.71,0.65,0.25,378,0,2.14,0
34805.79,0.19,0.85,0.71,0.2,300,0,3.54,1
20929.24,0.38,0.57,1.0,0.18,120,1,3.3,1
12211.11,0.6,0.64,0.56,0.15,325,0,3.17,0
41204.35,0.99,0.75,0.73,0.16,500,0,3.55,0
35738.06,0.51,0.85,0.89,0.13,227,0,2.74,0
29510.28,0.7,0.53,0.52,0.24,236,0,3.25,0
17415.61,0.97,0.77,0.53,0.35,249,0,3.86,0
21654.56,0.27,0.7,0.66,0.25,320,1,3.91,0
30195.54,0.48,0.81,0.68,0.17,263,0,3.31,0
48706.63,0.73,0.66,0.83,0.02,191,0,2.05,0
42217.61,0.2,0.87,0.57,0.01,395,1,3.42,1
30570.11,0.65,0.83,0.82,0.13,142,0,2.49,0
6378.31,0.65,0.55,0.94,0.48,141,0,3.7,0
48134.19,0.9,1.0,0.91,0.0,198,0,3.61,0
48529.6,0.81,0.78,0.62,0.1,407,0,3.68,0
23815.78,0.94,0.96,0.9,0.15,349,1,3.09,0
43135.29,0.48,0.95,0.7,0.12,70,0,3.77,0
8002.46,0.56,0.87,0.82,0.75,450,5,2.92,0
34840.0,0.25,0.88,0.88,0.09,207,1,2.35,1
9445.66,0.22,0.99,0.54,0.33,190,0,2.33,0
45339.15,0.35,0.64,0.57,0.15,248,0,3.61,0
41745.23,0.29,0.84,0.67,0.05,310,0,2.66,1
41505.79,0.53,0.94,0.52,0.06,130,0,2.58,0
42727.69,0.94,0.71,0.7,0.15,332,0,3.81,0
14993.81,0.74,0.96,0.64,0.35,435,0,2.07,0
44218.91,0.32,0.62,0.93,0.12,367,1,3.45,0
5894.97,0.65,0.69,0.98,0.19,454,1,3.72,0
40247.07,0.95,0.77,0.68,0.01,179,0,3.63,0
13093.84,0.96,0.91,0.89,0.59,500,5,3.45,0
10695.73,0.38,0.67,0.77,0.12,21,1,2.01,0
30889.57,0.51,0.73,0.66,0.12,78,0,3.26,0
7313.89,0.48,0.52,0.61,0.08,263,2,3.21,1
9796.05,0.89,0.6,0.92,0.34,405,1,3.89,0
43105.65,0.3,0.93,0.69,0.1,361,0,3.21,0
6145.84,0.59,0.9,0.79,0.29,86,0,2.92,0
19634.82,0.9,0.94,0.82,0.21,163,5,2.37,1
37709.97,0.86,0.92,0.85,0.22,219,2,3.82,0
15743.11,0.78,0.95,0.59,0.15,349,3,2.48,1
15993.82,0.82,0.82,0.62,0.16,325,1,2.89,0
15538.52,0.93,0.8,0.62,0.3,435,0,3.06,0
11146.93,0.74,0.81,0.63,0.06,477,0,3.76,0
36700.42,0.21,0.71,0.93,0.15,398,1,3.95,1
5988.55,0.49,0.81,0.98,0.95,197,5,2.86,0
40077.71,0.25,0.84,0.68,0.19,105,0,3.35,1
45985.3,0.77,0.54,0.78,0.1,182,0,2.07,0
20307.31,0.31,0.85,0.57,0.25,454,0,3.91,0
36468.86,0.64,0.72,0.61,0.01,84,1,2.3,0
28311.55,0.38,0.7,0.95,0.19,461,0,2.74,0
8133.15,0.23,0.64,0.94,0.36,336,0,2.03,0
21994.61,0.11,0.91,0.65,0.32,287,1,2.39,0
42364.72,0.35,0.94,0.51,0.14,78,3,3.98,1
20530.18,0.24,0.94,0.87,0.39,391,0,3.13,0
47086.99,0.51,0.59,0.89,0.05,60,0,3.33,0
40430.47,0.86,0.82,0.66,0.17,19,1,3.7,0
9557.81,0.75,0.84,0.75,0.15,55,0,3.87,0
17270.63,0.99,0.88,0.93,0.36,488,2,2.97,0
26145.68,0.43,0.75,0.75,0.02,32,2,2.99,1
8467.11,0.18,0.74,0.53,0.02,30,0,2.5,1
5644.83,0.67,0.67,0.51,0.14,352,0,2.93,0
21438.82,0.28,0.78,0.95,0.38,46,0,3.01,0
19619.68,0.61,0.58,0.8,0.17,63,0,3.41,1
46323.48,0.1,0.94,0.75,0.08,379,2,3.28,1
33175.44,0.65,0.96,0.5,0.25,16,0,2.03,0
49036.2,0.47,0.57,0.87,0.14,20,5,2.6,1
18314.84,0.9,0.98,0.81,0.2,371,1,3.14,0
11288.66,0.62,0.58,0.82,0.64,317,0,3.81,0
35985.59,0.34,0.56,0.98,0.09,216,0,2.2,0
27839.58,0.98,0.9,0.73,0.04,380,1,2.02,0
25661.59,0.31,0.9,0.54,0.13,224,0,2.81,0
40795.23,0.86,0.85,0.63,0.17,478,1,3.9,0
45917.95,0.82,0.92,0.54,0.15,219,0,2.89,0
8488.0,0.65,0.85,0.61,0.16,142,1,3.28,0
36693.04,0.62,0.66,0.52,0.13,410,0,2.82,0
18279.62,0.99,0.53,0.75,0.08,305,3,2.09,0
28594.5,0.31,0.94,0.64,0.21,156,0,2.61,0
11143.09,0.45,0.62,0.6,0.43,287,0,2.62,0
22508.63,0.73,0.59,0.58,0.07,383,0,2.63,0
24056.96,0.88,0.74,0.98,0.06,141,1,2.39,0
35925.84,0.88,0.71,0.75,0.11,320,0,2.55,0
32944.42,0.77,0.79,0.69,0.03,370,3,3.13,0
33886.12,0.74,0.97,0.79,0.18,62,0,2.11,0
41274.14,0.21,0.75,0.73,0.2,244,0,2.44,0
46857.09,0.77,0.51,0.77,0.02,321,1,2.76,0
48514.88,0.95,0.78,0.75,0.09,385,1,2.69,0
25181.25,0.44,0.54,0.77,0.12,266,0,2.29,0
25183.68,0.57,0.61,0.58,0.1,191,0,2.29,1
37898.74,0.39,0.99,0.72,0.02,192,0,2.87,1
24903.95,0.17,0.81,0.9,0.18,143,1,2.75,0
25397.49,0.7,0.74,0.73,0.01,96,2,3.88,1
36224.49,0.23,0.53,0.84,0.22,217,1,2.59,1
45044.34,0.64,0.76,0.8,0.08,18,0,2.24,0
39710.49,0.49,0.69,0.63,0.2,146,5,2.17,1
43268.27,0.84,0.53,0.73,0.14,122,2,2.5,0
34669.71,0.65,0.61,0.76,0.06,254,0,2.45,0
35680.55,0.96,0.73,0.71,0.03,471,0,2.37,0
35589.15,0.83,0.94,0.63,0.21,217,2,2.05,0
35696.96,0.2,0.69,0.69,0.06,22,1,3.96,0
6331.81,0.26,0.75,0.88,0.94,65,5,3.56,1
14946.58,0.44,0.99,0.97,0.26,146,0,2.89,0
42135.6,0.26,0.68,0.84,0.1,45,3,2.35,1
36308.48,0.77,0.66,0.77,0.06,179,0,3.44,0
30572.27,0.35,0.62,0.73,0.09,481,1,2.88,1
28153.72,0.28,0.59,0.67,0.11,401,5,3.85,1
38197.08,0.45,0.89,0.59,0.06,370,0,2.44,0
45295.32,0.35,0.82,0.93,0.12,316,1,2.0,0
43155.16,0.84,0.81,0.52,0.13,179,0,3.41,0
49379.03,0.76,0.87,0.74,0.1,115,1,2.1,0
5042.36,0.28,0.9,1.0,0.85,329,0,2.13,0
29669.5,0.15,0.67,0.79,0.14,303,0,3.5,0
8039.21,0.76,0.7,0.59,0.76,150,5,3.56,0
48828.01,0.3,0.56,0.79,0.02,292,0,2.95,0
36822.67,0.58,0.65,0.86,0.11,84,0,3.96,0
42300.97,0.16,0.55,0.64,0.05,115,3,2.12,1
22404.14,0.88,0.74,0.51,0.2,261,0,3.84,0
31238.26,0.46,0.96,0.73,0.22,237,0,2.8,0
40180.22,0.78,0.93,0.8,0.14,351,2,2.16,1
36168.64,0.83,0.83,0.85,0.2,402,1,3.71,0
6129.78,0.81,0.56,0.66,0.79,468,1,2.31,0
49286.63,0.67,0.73,0.94,0.03,463,0,2.46,0
37195.84,0.14,0.71,0.94,0.12,340,0,3.94,0
20331.66,0.75,0.87,0.71,0.05,72,0,3.34,0
9980.33,0.32,0.96,0.58,0.29,284,3,3.97,1
40034.44,0.36,0.56,0.7,0.15,136,0,2.26,0
45930.62,0.27,0.59,0.93,0.16,41,2,2.26,1
5475.31,0.71,0.72,0.84,1.0,247,0,3.21,0
12191.08,0.47,0.86,0.97,0.67,271,2,3.97,0
18375.55,0.86,0.67,0.7,0.02,317,0,2.25,0
14496.17,0.5,0.82,0.77,0.18,151,0,3.01,0
10056.57,0.43,0.89,0.7,0.72,369,3,2.29,0
16950.87,0.45,0.74,0.69,0.23,442,0,3.65,0
47970.5,0.29,0.81,0.94,0.09,340,0,3.54,1
8270.89,0.87,0.54,0.65,0.57,329,0,2.58,0
33139.51,0.62,0.8,0.75,0.25,17,0,3.88,0
38734.81,0.81,0.99,0.73,0.14,38,2,2.04,0
6573.39,0.37,0.76,0.7,0.26,20,1,2.48,0
42151.55,0.23,0.87,0.92,0.19,360,0,2.51,1
33201.56,0.23,0.56,0.92,0.13,236,0,2.93,0
48557.0,0.41,0.5,0.83,0.07,157,2,2.09,1
46084.3,0.96,0.71,0.58,0.03,224,0,3.16,0
39584.71,0.28,0.6,0.54,0.18,390,5,3.03,1
12578.19,0.91,0.84,0.89,0.12,24,1,2.21,0
48020.68,0.31,0.89,0.57,0.03,103,1,2.08,0
46718.34,0.92,0.63,0.63,0.14,75,0,2.91,0
38229.77,0.16,0.6,0.64,0.1,317,0,2.43,1
7814.21,0.4,0.58,0.73,0.66,153,0,3.75,0
10603.85,0.69,0.94,0.68,0.28,447,0,2.89,0
40017.77,0.71,0.58,0.64,0.11,497,0,3.52,0
46305.21,0.95,0.91,0.71,0.06,35,3,2.98,1
22806.88,0.29,0.9,0.69,0.23,383,0,2.04,0
45912.04,0.11,0.62,0.91,0.11,78,0,3.73,1
29067.56,0.96,0.56,0.74,0.17,293,0,2.29,0
44134.01,0.56,0.89,0.97,0.06,261,0,2.27,0
18507.41,0.12,0.81,0.76,0.25,419,2,2.41,1
31722.51,0.75,0.6,0.8,0.19,331,1,3.11,0
36052.23,0.77,0.85,0.84,0.07,76,2,3.76,1
6146.64,0.4,0.86,0.55,0.34,299,0,2.29,0
48008.68,0.57,0.55,0.92,0.06,51,1,2.95,1
14663.32,0.98,0.85,0.72,0.09,475,1,3.95,0
33712.21,0.24,0.61,0.77,0.08,474,1,3.01,0
14110.49,0.5,0.58,0.96,0.42,252,0,2.35,0
31134.84,0.83,0.8,0.5,0.21,167,0,3.31,0
34057.82,0.67,0.75,0.74,0.21,69,2,3.37,0
10611.08,0.19,0.87,0.83,0.62,421,0,3.93,0
22897.1,0.59,0.52,0.94,0.23,160,0,3.69,0
48202.34,0.26,0.88,0.73,0.06,213,5,2.31,1
26039.92,0.22,0.78,0.61,0.26,270,3,3.34,1
38133.72,0.25,0.58,0.6,0.01,139,0,2.85,1
11895.55,0.6,0.52,0.65,0.01,177,0,2.9,1
46693.23,0.89,0.99,0.71,0.04,349,0,2.98,0
17227.56,0.29,0.67,0.77,0.16,422,0,3.86,0
30537.44,0.95,0.91,0.9,0.2,105,2,3.83,0
38325.43,0.53,0.98,0.82,0.08,274,3,3.07,0
43743.86,0.46,0.99,0.56,0.1,423,0,3.16,0
34988.04,0.65,0.65,0.85,0.13,264,0,3.71,0
18935.26,0.32,0.89,0.72,0.03,449,0,2.06,0
41661.61,0.22,0.55,0.81,0.18,151,1,2.55,1
5017.91,0.36,0.62,0.69,0.7,321,0,3.84,0
33097.9,0.52,0.62,0.96,0.19,183,0,3.05,0
34321.8,0.82,0.64,0.94,0.08,294,0,2.94,0
31902.58,0.35,0.65,0.77,0.24,174,0,2.62,0
31529.07,0.57,0.83,0.64,0.14,353,0,2.6,0
40491.04,0.36,0.87,0.51,0.18,139,3,3.93,1
29381.19,0.6,0.65,0.63,0.23,121,0,2.15,0
45923.26,0.62,0.88,0.79,0.0,415,5,3.49,1
49283.53,0.21,0.54,0.67,0.11,139,0,2.36,0
6199.77,0.78,0.94,0.89,0.57,30,2,2.35,0
48834.38,0.98,0.55,0.81,0.15,69,2,2.65,0
34779.53,0.27,0.52,0.56,0.21,381,0,3.25,0
30684.78,0.39,0.7,0.8,0.19,115,0,3.02,0
12531.53,0.96,0.65,0.66,0.4,236,0,3.67,0
31002.36,0.76,0.83,0.93,0.2,151,0,2.83,0
35364.44,0.98,0.54,0.5,0.05,194,0,3.53,0
33584.74,0.61,0.9,0.79,0.03,275,5,3.63,1
44481.28,0.75,0.8,0.72,0.09,109,1,2.15,0
18422.21,0.36,0.73,0.71,0.28,76,0,2.68,0
36280.8,0.34,0.62,0.65,0.1,71,0,2.66,1
39723.74,0.23,0.59,0.55,0.07,227,0,2.71,0
11178.7,0.24,0.63,0.7,0.27,340,1,3.11,0
20681.98,0.27,0.86,0.61,0.37,52,0,2.91,0
33150.67,0.36,0.75,0.59,0.01,400,1,2.28,1
49219.78,0.54,0.5,0.6,0.07,82,0,2.46,0
14442.34,0.85,0.54,0.98,0.32,257,2,3.26,0
29960.46,0.34,0.51,0.95,0.1,126,1,2.91,0
47201.34,0.19,0.56,0.78,0.13,376,0,2.96,1
44572.48,0.57,0.65,0.96,0.13,85,2,2.99,1
35929.77,0.8,0.85,0.7,0.03,251,0,3.17,0
18209.25,0.95,0.95,0.76,0.31,55,1,2.87,0
22099.24,0.79,0.98,0.7,0.15,35,1,2.01,0
36129.76,0.23,0.74,0.88,0.15,58,1,3.2,1
41212.13,0.81,0.68,0.72,0.16,415,0,2.4,0
34942.55,0.22,0.83,0.9,0.24,197,2,3.55,1
34649.54,0.94,0.52,0.55,0.24,279,0,3.23,0
9770.97,0.25,0.83,0.55,0.84,176,0,3.6,0
33118.89,0.94,0.89,0.66,0.15,419,0,2.5,0
15307.02,0.2,0.55,0.55,0.23,433,1,3.62,1
10222.75,0.83,0.74,0.77,0.39,168,0,3.54,0
43669.51,0.46,0.88,0.99,0.04,453,0,3.23,1
23835.55,0.71,0.73,0.82,0.11,149,1,2.53,0
25654.97,0.43,0.87,0.71,0.19,295,0,3.21,0
49080.66,0.1,0.6,0.98,0.05,473,0,2.51,1
10167.53,0.9,0.97,0.56,0.79,139,1,3.76,0
33126.64,0.72,1.0,0.94,0.02,272,0,3.68,0
9009.52,0.45,0.77,0.79,0.02,205,0,3.51,0
29467.32,0.62,0.98,0.93,0.02,283,2,3.99,0
30308.84,0.72,0.89,0.9,0.16,138,1,2.24,0
24554.95,0.71,0.78,1.0,0.26,241,0,3.22,0
40926.88,0.71,0.7,0.62,0.1,186,0,3.5,0
45479.17,0.75,0.69,0.61,0.02,480,0,3.01,0
38322.7,0.64,0.78,0.96,0.13,29,0,3.14,0
34020.03,0.46,0.92,0.81,0.03,63,0,3.35,0
20833.57,0.88,0.86,0.8,0.14,412,2,3.9,0
33614.21,0.88,0.52,0.59,0.12,110,5,2.78,1
27544.97,0.18,0.62,0.51,0.07,331,0,3.37,1
8829.08,0.93,0.94,0.84,0.63,324,0,2.83,0
42434.71,0.66,0.89,0.6,0.13,279,0,2.95,0
35098.87,0.55,0.98,0.91,0.08,440,1,2.47,0
24028.85,0.57,0.74,0.51,0.06,477,5,3.7,1
24393.29,0.33,0.59,0.86,0.25,206,0,3.51,0
16250.58,0.75,0.78,0.77,0.24,385,1,2.16,0
20486.77,0.51,0.63,0.94,0.13,33,0,3.41,0
19270.04,0.2,0.58,0.8,0.42,494,0,3.15,0
35512.97,0.23,0.53,0.93,0.15,268,2,2.23,1
29114.13,0.76,0.52,0.96,0.06,280,5,2.25,1
32962.75,0.9,0.77,0.57,0.03,205,0,2.7,0
9885.65,0.27,0.62,0.88,0.5,232,0,2.77,0
38513.52,0.66,0.67,0.8,0.06,316,0,2.82,0
48505.64,0.61,0.79,0.89,0.08,67,1,3.0,0
13397.72,0.11,0.81,0.8,0.03,440,0,2.23,0
18355.46,0.68,0.94,0.59,0.02,438,0,3.35,0
11176.97,0.91,1.0,1.0,0.5,88,0,2.22,0
48211.75,0.12,0.85,0.61,0.03,450,2,3.03,1
25673.63,0.33,0.74,0.73,0.19,213,0,2.44,0
25507.61,0.99,0.95,0.68,0.06,353,1,3.55,0
7891.48,0.86,0.72,0.89,0.49,264,3,2.93,0
42591.19,0.42,0.9,0.82,0.13,17,0,2.95,0
31639.45,0.38,0.77,1.0,0.18,376,1,3.7,1
34936.86,0.69,0.64,0.57,0.07,336,0,3.4,0
14091.77,0.39,0.89,0.62,0.38,398,3,3.36,0
46587.84,0.74,0.73,0.93,0.01,10,0,3.3,0
22053.14,0.87,0.91,0.98,0.22,56,0,3.05,0
18595.83,0.76,0.59,0.86,0.09,75,2,2.83,1
26457.88,0.37,0.82,0.59,0.31,148,3,2.4,1
6100.12,0.19,0.96,0.78,0.62,489,1,2.91,0
38099.92,0.96,0.71,0.93,0.11,110,0,2.06,0
10757.0,0.12,0.72,0.72,0.55,228,0,2.36,1
26689.75,0.34,0.71,0.61,0.15,426,0,3.88,0
12494.92,0.93,0.95,0.9,0.18,221,3,3.39,0
11400.11,0.45,0.86,1.0,0.51,473,2,2.41,0
28841.05,0.22,0.51,0.8,0.23,209,0,2.28,0
46179.42,0.16,0.78,0.6,0.09,98,1,2.31,1
32733.63,0.92,0.99,0.9,0.16,241,0,3.68,0
18351.22,0.82,0.71,0.5,0.41,345,0,3.89,0
35692.63,0.21,0.63,0.64,0.2,201,1,2.34,1
30888.59,0.45,0.61,0.54,0.1,343,1,3.93,1
41225.35,0.72,0.7,0.78,0.16,151,0,2.49,0
8861.98,0.16,0.64,0.59,0.35,245,1,3.36,1
26877.34,0.74,0.61,0.99,0.16,298,3,2.67,1
48322.17,0.79,0.53,0.69,0.08,21,1,3.24,1
31399.71,0.52,0.82,0.72,0.1,288,1,2.13,0
8858.48,0.72,0.51,0.56,0.08,345,5,2.23,1
5077.76,0.96,0.89,0.63,0.35,286,0,2.32,0
46342.55,0.47,0.84,0.57,0.12,72,0,3.78,0
18351.71,0.86,0.64,0.99,0.43,344,0,3.15,0
46171.95,0.66,0.76,0.67,0.04,287,0,2.12,0
25928.57,0.31,0.84,0.66,0.19,171,1,3.77,0
45783.7,0.33,0.8,0.62,0.14,398,0,2.02,0
46381.33,0.96,0.68,0.64,0.01,156,1,2.91,0
20141.2,0.87,0.78,0.98,0.15,500,0,3.45,0
34104.59,0.21,0.97,0.79,0.08,438,5,2.85,1
31598.01,0.54,0.69,0.55,0.02,417,0,2.18,0
22636.67,0.7,0.52,0.54,0.17,62,1,3.42,0
14510.7,0.17,0.71,0.84,0.25,170,0,3.49,1
18985.32,0.7,0.96,0.75,0.39,162,0,2.09,0
46734.33,0.45,1.0,0.85,0.07,23,2,3.52,1
13405.88,0.57,0.84,0.95,0.32,320,0,2.05,0
31579.23,0.28,0.63,0.7,0.26,468,0,3.24,0
38053.48,0.97,0.51,0.67,0.21,275,0,3.35,0
39975.92,0.28,0.82,0.83,0.1,206,0,2.68,1
14301.55,0.19,0.68,0.98,0.13,279,0,2.58,1
48417.89,0.24,0.63,0.7,0.04,366,2,2.21,1
11191.4,0.78,0.72,0.64,0.73,44,3,2.25,0
11440.51,0.14,0.96,0.69,0.37,394,0,2.28,0
17235.03,0.77,0.72,1.0,0.06,50,1,2.62,0
7961.57,0.91,0.68,0.82,0.88,75,0,2.89,0
42038.08,0.88,0.58,0.64,0.18,419,0,2.41,0
45087.66,0.73,0.7,0.6,0.1,191,0,3.02,0
12915.59,0.46,0.61,0.95,0.52,364,0,2.8,0
5461.54,0.97,0.57,1.0,0.49,56,0,3.87,0
12761.69,0.7,0.8,0.72,0.15,472,1,3.05,0
38211.43,0.1,0.87,0.98,0.03,171,5,2.71,1
11876.75,0.46,0.83,0.88,0.66,68,0,3.0,0
33113.93,0.33,0.8,0.67,0.19,342,0,3.74,0
22482.28,0.49,0.72,0.59,0.23,151,0,3.63,0
44045.49,0.74,0.58,0.86,0.01,227,0,3.88,0
8347.43,0.38,0.98,0.79,0.32,404,5,2.6,0
15709.49,0.59,0.9,0.66,0.18,246,0,3.78,0
48912.58,0.72,0.59,0.52,0.08,187,0,2.76,0
38780.91,0.64,0.93,0.96,0.12,297,3,2.81,0
29979.92,0.16,0.92,0.92,0.2,216,0,3.97,0
6574.8,0.81,0.91,0.76,0.85,164,0,2.17,0
11733.7,0.4,0.71,0.51,0.33,198,1,3.48,0
33766.94,0.66,0.75,0.66,0.01,184,1,3.21,1
35191.31,0.14,1.0,0.93,0.13,42,0,2.8,1
26641.94,0.73,0.86,1.0,0.16,120,2,2.87,1
38022.64,0.38,0.86,0.74,0.01,218,1,2.64,1
17389.59,0.64,0.92,0.82,0.09,422,0,2.41,0
47678.84,0.68,0.55,0.8,0.1,354,0,2.69,0
16009.37,0.6,0.72,0.51,0.31,424,0,2.93,0
48503.55,0.48,0.63,0.85,0.09,71,1,2.42,0
5125.19,0.89,0.66,0.78,0.09,98,0,3.76,0
36434.54,0.45,0.95,0.65,0.09,277,0,3.08,0
38215.58,0.59,0.7,0.97,0.01,41,0,3.9,0
18286.68,0.45,0.85,0.87,0.08,223,0,3.21,0
42187.17,0.75,0.6,0.91,0.19,246,0,2.47,0
22475.86,0.75,0.97,0.63,0.03,92,0,3.76,0
10200.97,0.22,0.54,0.78,0.16,94,1,3.04,0
30297.36,0.46,0.74,0.54,0.02,285,0,3.68,0
41663.91,0.57,0.96,0.88,0.0,248,0,3.29,0
15295.93,0.43,0.62,0.67,0.53,265,5,2.95,0
40034.31,0.27,0.81,0.83,0.21,343,0,2.44,0
36634.3,0.44,0.61,0.89,0.22,331,3,2.09,1
14135.77,0.22,0.81,0.59,0.33,145,0,3.16,0
22469.97,0.84,0.74,0.56,0.08,486,0,3.68,0
27822.59,0.33,0.78,0.81,0.07,43,0,3.42,0
21795.19,0.87,0.97,0.53,0.05,439,0,3.36,0
31775.93,0.62,0.92,0.58,0.26,274,5,3.08,0
38739.46,0.44,0.5,0.61,0.13,482,1,2.76,1
47778.61,0.16,0.77,0.73,0.06,125,0,2.35,0
24406.3,0.32,0.92,0.98,0.3,462,0,3.99,0
28009.1,0.87,0.72,0.73,0.11,387,0,2.23,0
44502.91,0.34,0.82,0.8,0.05,240,0,3.85,1
46054.18,0.5,0.54,0.62,0.08,176,0,2.23,1
13398.49,0.37,0.82,0.96,0.5,440,0,3.91,0
41760.51,0.87,0.52,0.91,0.03,443,0,3.01,0
33006.01,0.7,0.5,0.64,0.24,179,0,3.84,0
38787.92,0.26,0.53,0.67,0.09,279,0,2.75,1
5636.44,0.71,0.58,0.66,0.9,96,0,3.56,0
28544.55,0.93,0.96,0.7,0.16,410,0,2.15,0
17537.06,0.69,0.9,0.79,0.47,339,2,3.1,0
21542.73,0.54,0.6,0.73,0.33,498,0,3.86,0
38426.78,0.38,0.84,0.97,0.03,175,0,3.75,0
33524.68,0.33,0.63,0.97,0.04,110,0,2.02,0
40955.0,0.25,0.84,0.9,0.11,142,0,2.97,1
17588.32,0.2,0.68,0.72,0.1,243,2,3.3,1
22788.69,0.8,0.9,0.8,0.33,474,0,3.76,0
17666.32,0.71,0.53,0.62,0.28,384,0,2.96,0
38690.21,0.38,0.66,0.77,0.09,162,0,2.21,0
24205.25,0.79,0.64,0.87,0.23,38,2,2.78,1
48125.93,0.25,0.52,0.71,0.13,180,0,3.93,1
5220.31,0.9,0.56,0.69,0.38,78,1,3.81,0
10290.17,0.47,0.76,0.58,0.72,445,0,2.63,0
44016.66,0.72,0.53,0.67,0.12,243,1,2.89,0
34709.07,0.68,0.7,0.54,0.18,37,0,2.1,0
49302.98,0.85,0.84,0.87,0.16,96,2,2.81,0
14148.31,0.11,0.73,0.71,0.57,192,0,2.63,0
42608.18,0.71,0.91,0.79,0.07,216,0,2.17,0
26876.08,0.68,0.77,0.66,0.3,37,0,2.59,0
27348.66,0.46,0.73,0.68,0.14,411,0,2.54,0
41455.31,0.29,0.62,0.99,0.14,461,2,2.26,0
24421.06,0.75,0.52,0.65,0.02,245,0,2.46,0
44868.6,0.45,0.62,0.52,0.01,79,0,2.56,1
36049.91,0.47,0.67,0.75,0.21,118,0,3.4,0
20426.35,0.89,0.8,0.73,0.05,335,0,3.41,0
39029.59,0.98,0.88,0.66,0.14,134,0,3.09,0
12434.51,0.85,0.97,0.65,0.57,244,0,3.02,0
10241.83,0.66,0.65,0.76,0.48,214,0,3.51,0
18018.25,0.25,0.69,0.54,0.46,287,0,2.46,0
38170.25,0.93,0.69,0.82,0.08,155,1,3.8,0
40241.18,0.5,0.66,0.91,0.13,79,1,3.13,0
13777.1,0.51,0.85,0.73,0.12,434,1,3.55,0
42349.03,0.91,0.83,0.86,0.08,347,1,3.91,0
43822.83,0.12,0.82,0.91,0.13,414,3,2.88,1
20689.34,0.72,0.98,0.72,0.01,252,2,3.96,0
6915.69,0.59,0.91,0.78,0.59,494,0,3.88,0
43456.08,0.98,1.0,0.7,0.02,44,0,3.44,0
40761.63,0.69,1.0,0.79,0.16,48,0,2.6,0
30164.9,0.95,0.56,0.91,0.2,458,2,2.14,0
13138.12,0.57,0.59,0.76,0.4,237,0,2.07,0
16191.87,0.99,0.73,0.93,0.18,281,0,2.57,0
11713.34,0.27,1.0,0.55,0.23,173,0,2.93,0
19037.42,0.1,0.52,0.54,0.34,384,0,2.13,1
49643.56,0.12,0.58,0.85,0.09,301,0,3.41,0
36051.45,0.81,0.71,0.66,0.15,105,2,3.22,0
22796.02,0.52,0.75,0.7,0.27,145,0,3.55,0
16646.91,0.8,0.98,0.88,0.49,476,5,3.64,1
27511.98,0.56,0.73,0.86,0.22,164,0,3.44,0
38085.98,0.94,0.58,0.52,0.11,447,0,3.41,0
20552.91,0.67,0.7,0.88,0.25,201,1,3.28,0
35445.0,0.65,0.61,0.98,0.11,455,3,2.3,0
20185.28,0.92,0.96,0.91,0.07,471,1,2.71,0
30293.37,0.52,0.64,0.69,0.01,400,3,3.85,1
35899.97,0.56,0.98,0.81,0.02,102,0,3.98,0
38616.13,0.73,0.61,0.83,0.21,465,1,3.22,0
13601.34,0.35,0.94,0.99,0.06,237,0,3.96,0
30561.86,0.7,0.59,0.68,0.05,463,0,3.22,0
47866.32,0.59,0.65,0.79,0.02,279,1,3.53,1
14318.53,0.94,0.51,0.83,0.46,401,0,3.96,0
6177.88,0.59,0.79,0.62,0.65,364,0,2.15,0
9581.08,0.27,0.98,0.7,0.59,204,0,3.95,0
21908.95,0.33,0.56,0.62,0.33,496,0,3.92,0
17647.47,0.45,0.6,0.54,0.13,88,2,3.48,1
42553.36,0.8,0.67,0.51,0.17,26,0,3.47,0
29813.04,0.69,0.67,0.61,0.06,200,0,3.05,0
31257.83,0.34,0.63,0.9,0.25,435,0,3.32,0
13461.35,0.59,0.83,0.64,0.55,422,0,2.47,0
47756.38,0.81,0.51,0.98,0.1,40,0,3.38,0
30304.55,0.36,0.98,0.63,0.18,493,0,3.78,0
16565.26,0.95,0.7,0.55,0.33,425,0,3.04,0
30358.37,0.31,0.76,0.5,0.05,226,1,3.6,1
32848.4,0.86,0.89,0.66,0.11,192,0,3.84,0
31500.6,0.2,0.74,0.68,0.19,39,1,3.6,1
5483.52,0.81,0.8,0.74,0.09,255,0,2.95,0
18323.92,0.72,0.92,0.81,0.26,235,0,3.16,0
33040.27,0.17,0.73,0.79,0.16,282,5,2.22,1
46754.04,0.98,0.57,0.9,0.01,236,0,2.3,0
6031.27,0.66,0.85,0.64,1.0,244,0,3.06,0
32412.95,0.88,0.71,0.73,0.07,64,1,2.17,0
12626.8,0.46,0.52,0.56,0.4,156,1,3.19,0
24195.03,0.5,0.98,0.74,0.29,233,1,3.36,0
26774.15,0.53,0.82,0.62,0.13,171,0,3.59,0
32997.52,0.5,0.66,0.68,0.21,37,1,3.55,0
45766.71,0.85,0.85,0.65,0.06,206,2,2.14,0
9831.67,0.25,0.93,0.65,0.31,185,1,2.62,0
19309.93,0.13,0.5,0.57,0.4,50,0,2.64,1
27620.88,0.34,0.99,0.6,0.12,303,0,3.03,0
11693.29,0.89,0.95,0.6,0.68,222,5,3.19,0
38045.26,0.97,0.69,0.68,0.19,314,0,2.49,0
33424.92,0.46,0.95,0.83,0.2,203,0,2.27,0
12958.33,0.52,0.65,0.59,0.35,484,2,2.55,1
19440.36,0.34,0.77,0.91,0.36,145,0,3.97,0
8137.83,0.94,0.74,0.98,0.11,178,0,2.16,0
49631.44,0.32,0.86,0.77,0.12,334,0,2.29,1
10862.78,0.98,0.62,0.88,0.45,41,1,3.91,0
16929.52,0.59,0.88,0.64,0.22,114,0,3.57,0
40229.93,0.85,0.79,0.94,0.15,255,3,2.87,0
46934.73,0.13,0.7,0.96,0.07,359,2,3.77,1
21799.67,0.4,0.81,0.86,0.03,57,2,2.67,0
15052.0,0.76,0.91,0.5,0.41,129,0,2.44,0
8454.4,0.43,0.83,0.9,0.52,477,0,3.37,0
42882.43,0.79,0.82,0.98,0.18,331,0,3.4,0
15223.78,0.55,0.7,0.62,0.2,305,0,2.19,0
44183.17,0.84,0.54,0.86,0.1,429,0,2.68,0
34554.33,0.26,0.63,0.64,0.07,476,5,3.26,1
28592.61,0.38,0.91,0.65,0.24,113,3,3.94,1
7804.8,0.27,0.74,0.71,0.66,303,0,3.12,0
21678.06,0.84,0.79,0.66,0.27,247,0,3.32,0
37136.93,0.39,0.9,0.73,0.0,461,1,2.79,1
10139.33,0.68,0.98,0.72,0.6,140,0,3.42,0
8935.09,0.43,0.78,0.99,0.7,108,1,2.71,0
43318.69,0.34,0.92,0.8,0.08,268,0,3.95,0
17448.16,0.46,0.76,0.53,0.28,77,1,2.7,0
12031.93,0.36,0.68,0.84,0.16,214,5,3.06,1
49869.65,0.33,0.77,0.84,0.13,178,0,2.39,1
5423.78,0.39,0.74,0.71,0.22,391,0,3.21,1
44661.28,0.77,0.79,0.89,0.02,335,3,3.93,1
28437.88,0.81,0.9,0.66,0.29,128,3,3.17,0
20344.81,0.68,0.84,0.93,0.37,187,3,2.02,0
30142.6,0.56,0.9,0.55,0.01,369,0,2.22,0
36112.31,0.19,0.71,0.53,0.03,486,0,2.98,1
37388.03,0.83,0.67,0.81,0.13,420,0,3.76,0
49662.1,0.36,0.99,0.5,0.16,43,0,2.34,0
20097.63,0.28,0.53,0.55,0.39,413,2,2.27,1
31905.97,0.81,0.96,0.69,0.03,242,1,2.29,0
20031.14,0.15,0.85,0.75,0.22,214,0,2.2,1
16698.1,0.3,0.66,0.97,0.29,466,2,3.72,0
19554.82,0.95,0.82,0.55,0.07,27,2,3.57,0
43596.51,0.55,0.6,0.62,0.03,295,0,3.88,0
28561.72,0.36,0.78,0.95,0.26,17,0,2.58,0
39659.47,0.76,0.59,0.98,0.17,425,1,3.64,1
16706.83,0.28,0.93,0.88,0.29,462,1,3.95,0
15734.18,0.87,0.57,0.55,0.12,422,0,3.55,0
11123.54,0.9,0.62,0.93,0.7,315,0,2.24,0
21704.68,0.39,0.64,0.64,0.27,351,1,3.94,0
38306.1,0.32,0.8,0.95,0.21,246,0,3.94,0
6812.27,0.67,0.86,0.66,0.83,205,0,2.53,0
10912.09,0.83,0.67,0.85,0.68,340,0,2.39,0
48544.88,0.64,0.88,0.65,0.03,444,1,2.23,0
36623.85,0.23,0.67,0.57,0.21,446,0,3.52,0
34266.95,0.61,0.88,0.52,0.12,358,1,2.96,0
37349.26,0.27,0.82,0.94,0.12,206,0,3.98,1
5037.59,0.75,0.57,0.97,1.0,124,5,2.54,1
48050.99,0.48,0.88,0.7,0.16,195,0,3.52,0
19374.85,0.71,0.66,0.76,0.01,227,0,2.89,0
24247.51,0.79,0.67,0.86,0.22,207,1,2.65,0
21353.16,0.78,0.73,0.97,0.07,87,0,2.68,0
30665.5,0.52,0.78,0.58,0.22,94,0,3.38,0
43639.25,0.48,0.81,0.61,0.17,82,2,3.37,0
33532.11,0.63,0.53,0.6,0.04,175,3,3.52,1
21861.08,0.92,0.56,0.88,0.3,173,0,2.65,0
40961.95,0.91,0.57,0.51,0.16,334,1,3.38,0
45094.3,0.89,0.77,0.58,0.17,391,0,2.22,0
40414.28,0.6,0.84,0.58,0.03,206,5,3.57,1
18482.36,0.27,0.68,0.89,0.38,226,0,3.84,1
31249.82,0.58,0.74,0.74,0.0,284,0,2.75,0
19808.07,0.82,0.55,0.52,0.39,171,1,2.3,0
32728.16,0.56,0.98,0.79,0.24,390,0,3.78,0
20058.26,0.9,0.56,0.84,0.08,45,1,2.8,0
21525.49,0.27,0.84,0.52,0.1,320,0,2.53,1
31359.25,0.4,0.57,0.94,0.19,63,0,2.04,1
8270.62,0.75,0.98,0.7,0.22,487,2,2.74,0
49680.8,0.88,0.77,0.83,0.1,294,0,2.87,0
38650.66,0.81,0.96,0.82,0.07,99,1,3.51,0
27504.98,0.12,0.73,0.59,0.04,244,1,3.33,1
40439.43,0.69,0.8,0.53,0.15,146,1,3.71,0
25854.51,0.22,0.55,0.84,0.18,140,0,3.1,1
35421.23,0.25,0.99,0.99,0.03,458,0,2.04,0
41132.6,0.11,0.61,0.51,0.07,311,1,3.98,1
35784.52,0.61,0.72,0.58,0.12,447,1,2.71,1
32903.92,0.81,0.84,0.9,0.21,390,0,2.26,0
20961.17,0.21,0.91,0.89,0.36,38,1,3.88,0
39089.73,0.33,0.85,0.87,0.05,372,0,3.23,1
36706.28,0.49,0.91,0.96,0.09,248,2,3.2,0
21761.04,0.63,1.0,0.75,0.08,208,0,3.44,0
46549.84,0.69,0.65,0.5,0.0,174,0,3.0,0
47865.72,0.11,0.57,0.63,0.02,245,5,2.94,1
29600.15,0.83,0.91,0.66,0.25,137,1,3.82,0
44111.05,0.66,0.57,0.94,0.03,76,0,3.61,0
26992.82,0.43,0.83,0.73,0.09,345,0,2.74,0
17224.6,0.5,0.75,0.93,0.32,111,0,3.49,0
41628.04,0.12,0.67,0.83,0.2,405,0,3.36,1
38982.18,0.43,0.67,0.74,0.2,415,0,3.14,0
31771.68,0.91,0.87,0.86,0.18,58,5,3.03,1
34792.26,0.79,0.86,0.7,0.01,244,1,2.92,0
29373.64,0.72,0.58,0.73,0.28,227,0,3.56,0
41573.51,0.4,0.92,0.77,0.1,105,0,3.86,0
5763.73,0.43,0.54,0.71,0.04,102,0,2.88,1
41399.86,0.63,0.94,1.0,0.09,216,5,2.37,1
24578.71,0.99,0.75,0.67,0.03,328,1,2.41,0
33173.72,0.84,0.53,0.87,0.2,446,1,2.75,0
42116.98,0.9,0.67,0.79,0.05,186,0,2.87,0
7294.18,0.19,0.83,0.53,0.48,386,2,2.48,0
36338.39,0.14,0.71,1.0,0.05,294,0,3.93,0
38905.57,0.96,0.7,0.55,0.16,255,0,3.25,0
13654.39,0.57,0.73,0.55,0.23,242,0,2.87,0
42358.97,0.68,0.61,0.84,0.04,384,2,3.32,1
40267.78,0.16,0.85,0.99,0.03,431,1,2.25,0
8111.12,0.44,0.97,0.72,0.15,88,0,4.0,0
30283.25,0.48,0.8,0.68,0.01,37,1,3.79,0
10146.31,0.15,0.61,0.55,0.15,54,0,3.64,1
25435.13,0.48,0.74,0.72,0.3,366,1,2.86,0
13139.86,0.39,0.78,0.56,0.63,347,0,3.93,0
15947.21,0.69,0.94,0.77,0.48,178,0,2.62,0
43007.58,0.53,0.98,0.81,0.03,262,0,2.62,0
19808.5,0.53,0.7,0.54,0.08,158,1,3.87,0
6451.35,0.16,0.73,0.7,0.44,263,0,3.65,0
21490.67,0.78,0.69,0.81,0.27,242,0,3.11,0
16488.02,0.6,0.75,0.73,0.39,108,0,2.67,0
38459.57,0.76,0.65,0.79,0.04,50,0,3.94,0
47590.19,0.24,0.87,0.87,0.02,113,1,2.46,0
17331.14,0.79,0.87,0.79,0.07,448,0,3.56,0
33375.46,0.35,0.87,0.56,0.04,84,0,2.71,0
28692.33,0.77,0.51,0.78,0.09,65,0,3.29,0
25388.49,0.15,0.56,0.56,0.01,399,0,3.63,1
29733.86,0.49,0.94,0.97,0.03,488,0,3.81,0
24633.25,0.15,0.8,0.99,0.05,444,2,2.67,1
20592.32,0.95,0.95,0.95,0.15,499,0,2.04,0
36033.26,0.32,0.67,0.55,0.15,430,2,3.31,1
36971.34,0.84,0.57,0.94,0.15,444,0,2.88,0
29955.78,0.69,0.78,0.93,0.27,30,3,3.34,0
18555.43,0.45,0.95,0.82,0.11,58,0,3.87,0
18919.48,0.68,0.6,0.87,0.3,383,2,3.89,0
12619.79,0.9,0.9,0.7,0.15,61,3,2.47,0
25567.67,0.89,0.61,0.83,0.25,473,0,2.39,0
7035.88,0.31,0.68,0.88,0.2,301,2,2.64,1
43443.14,0.37,0.99,0.65,0.02,306,0,3.29,0
38049.31,0.47,0.98,0.74,0.16,110,0,3.59,0
23180.2,0.44,0.61,0.72,0.35,145,0,3.14,0
40755.87,0.59,0.7,0.56,0.07,319,1,2.01,1
21858.1,0.21,0.67,0.51,0.08,353,0,2.03,0
20344.4,0.24,0.69,0.71,0.05,490,0,3.81,0
35861.52,0.37,0.72,0.64,0.06,480,0,2.44,1
45205.28,0.39,0.96,0.56,0.04,357,0,2.01,1
9469.5,0.68,0.88,0.89,0.65,94,2,2.62,0
33967.47,0.8,0.75,0.81,0.23,267,0,3.44,0
22491.6,0.94,0.62,0.81,0.31,447,0,2.2,0
31373.4,0.65,0.69,0.62,0.07,43,5,2.88,1
14810.4,0.59,0.8,0.77,0.35,401,0,2.08,0
42392.05,0.26,0.57,0.67,0.06,159,0,2.85,1
13924.55,0.62,0.61,0.74,0.58,100,0,2.76,0
31772.84,0.92,0.8,0.8,0.1,327,0,3.44,0
12295.43,0.2,0.9,0.54,0.26,53,0,2.02,0
39115.87,0.64,0.83,0.89,0.21,431,0,3.06,0
12190.42,0.28,0.83,0.62,0.63,343,0,3.1,0
31549.08,0.14,0.8,0.91,0.24,73,1,2.13,0
14205.57,0.38,0.85,0.82,0.2,273,0,3.73,0
19248.56,0.62,0.94,0.81,0.05,180,0,2.71,0
18708.03,0.91,0.71,0.67,0.06,192,0,2.09,0
34332.46,0.55,1.0,0.71,0.08,469,5,3.82,1
11945.51,0.72,0.81,0.69,0.36,328,2,2.53,0
31720.85,0.85,0.72,0.83,0.21,34,1,3.38,0
49926.13,0.93,0.58,0.79,0.14,165,0,2.25,0
5412.6,0.79,0.78,0.79,1.0,207,0,3.91,0
35885.77,0.38,0.73,0.74,0.16,410,5,3.36,1
22041.48,0.65,0.6,0.8,0.07,355,0,3.68,0
42798.38,0.42,0.77,0.99,0.19,384,1,2.85,1
21085.62,0.95,0.71,0.59,0.08,478,0,2.55,0
6810.03,0.34,0.63,0.87,0.56,222,0,3.73,0
27439.26,0.32,0.88,1.0,0.1,149,0,2.64,0
29762.82,0.98,0.52,0.66,0.16,495,0,2.14,0
8160.54,0.55,0.76,0.79,0.09,95,1,2.87,0
43264.07,0.29,0.91,0.94,0.11,462,0,3.38,1
45674.54,0.63,0.8,0.92,0.11,423,5,2.14,1
43217.76,0.16,0.51,0.6,0.05,444,0,3.85,1
37586.48,0.94,0.54,0.98,0.03,193,0,2.04,0
40347.06,0.31,0.6,0.75,0.06,434,5,3.42,1
6276.8,0.84,0.56,0.88,0.5,125,2,3.76,0
49264.24,0.73,0.58,0.65,0.12,370,2,2.83,1
21425.89,0.56,0.81,0.56,0.05,89,0,2.27,0
11691.87,0.53,0.52,0.52,0.64,415,0,2.81,0
14783.11,0.73,0.93,0.84,0.06,347,0,2.81,0
30581.46,0.58,0.69,0.75,0.08,89,5,3.69,1
7115.92,0.75,0.8,0.64,0.54,388,1,3.33,0
5797.03,0.1,0.56,0.95,1.0,336,0,3.25,0
29938.08,0.77,0.62,0.92,0.2,175,3,3.44,1
47209.51,0.74,0.67,0.92,0.02,53,0,2.31,0
45158.77,0.14,0.75,0.62,0.15,86,0,2.94,0
24661.39,0.43,0.97,0.64,0.22,415,0,3.79,0
44199.22,0.79,0.79,0.95,0.14,338,0,3.62,0
32577.43,0.47,0.74,0.9,0.23,60,0,3.38,0
35618.51,0.46,0.8,0.57,0.22,257,0,2.68,0
16212.18,0.38,0.55,0.5,0.48,258,0,3.92,0
18027.03,0.51,0.52,0.86,0.17,447,2,2.26,0
5936.83,0.74,0.98,0.7,0.47,455,0,2.56,0
15495.79,0.4,0.8,0.72,0.45,267,0,3.6,0
36951.55,0.21,0.51,0.65,0.1,238,0,3.45,1
43826.69,0.6,0.59,0.92,0.03,430,2,2.42,1
40941.53,0.62,0.81,0.7,0.11,328,0,2.48,0
46798.54,0.67,0.84,0.57,0.12,71,0,2.15,0
7498.19,0.12,0.97,0.51,1.0,317,1,2.46,0
24260.48,0.2,0.87,0.69,0.14,353,0,3.93,0
34493.52,0.54,0.74,0.69,0.11,284,1,3.75,0
14208.9,0.59,0.54,0.99,0.47,234,0,3.59,0
7059.61,0.34,0.72,0.67,1.0,154,0,3.63,0
31453.09,0.18,0.55,0.98,0.06,200,3,2.82,1
30145.12,0.36,0.7,0.89,0.11,326,2,3.72,0
16350.69,0.28,0.85,0.59,0.21,29,0,2.94,0
14009.71,0.92,0.81,0.62,0.58,421,0,3.33,0
11569.53,0.69,0.87,0.83,0.44,265,0,3.39,0
5882.51,0.46,0.6,0.74,0.85,134,1,3.22,0
37065.56,0.49,0.92,0.81,0.12,302,0,3.72,0
12561.85,0.5,0.96,0.7,0.09,274,0,2.75,0
22816.96,0.59,0.84,0.79,0.29,133,0,2.53,0
40805.18,0.24,0.75,0.74,0.12,411,2,2.35,1
34707.87,0.16,0.85,0.57,0.15,236,0,2.15,0
11452.13,0.82,0.8,1.0,0.4,35,0,2.34,0
21346.14,0.94,0.68,0.7,0.14,159,0,2.92,0
6520.71,0.73,0.98,0.67,1.0,176,0,3.61,0
42266.39,0.8,0.52,0.67,0.02,77,3,3.6,1
17038.6,0.74,0.9,0.87,0.33,345,2,3.47,0
27601.11,0.3,0.9,0.65,0.03,272,1,3.05,0
29328.78,0.31,0.57,0.5,0.18,471,0,3.51,1
20526.66,0.76,0.63,0.74,0.19,47,1,2.58,1
32418.48,0.11,0.64,0.65,0.23,496,0,3.11,0
38169.01,0.41,0.55,0.7,0.14,156,2,3.12,0
43875.32,0.81,0.7,0.59,0.03,78,0,2.88,0
48992.58,0.51,0.78,0.51,0.12,218,2,3.0,1
